Open Time,Open,High,Low,Close,Volume,Taker Buy Base Volume,Taker Buy Quote Volume
2023-07-01,30471.99,30661.6,30320.57,30585.9,17501.75075,8102.13876,247175148.950766
2023-07-02,30585.9,30791.0,30155.0,30617.03,23286.41019,10630.2474,324616031.9581684
2023-07-03,30617.02,31380.0,30570.27,31156.2,43761.64311,20885.94331,645698735.3773494
2023-07-04,31156.2,31350.69,30620.0,30766.51,33206.11943,14107.36566,437126154.0841225
2023-07-05,30766.52,30878.07,30200.0,30504.81,33215.67122,15619.11716,476478254.9434133
2023-07-06,30504.8,31500.0,29850.45,29895.43,71319.6261,33952.63237,1039137135.293551
2023-07-07,29895.42,30449.0,29701.02,30344.7,34070.53895,14875.86309,448638761.3838917
2023-07-08,30344.7,30386.81,30044.47,30284.63,13094.59042,5990.91468,181083431.1999306
2023-07-09,30284.63,30445.52,30061.12,30160.71,15388.50196,7017.35093,212433521.8897289
2023-07-10,30160.71,31045.78,29950.0,30411.57,41262.87652,19574.2347,595390893.1450084
2023-07-11,30411.57,30813.63,30300.0,30622.1,28476.83311,13670.16079,417204801.1629621
2023-07-12,30622.1,30983.25,30210.0,30380.0,38108.99669,18251.27965,558742524.9312288
2023-07-13,30380.0,31804.2,30251.0,31454.23,70772.51836,36084.84178,1119542855.1513171
2023-07-14,31454.23,31630.0,29900.0,30312.01,60749.48424,28513.77996,877642037.8224415
2023-07-15,30312.0,30390.9,30200.0,30289.52,14118.55329,6430.54981,194912673.9119217
2023-07-16,30289.52,30441.46,30064.29,30231.99,15760.1281,7322.44372,221713710.223243
2023-07-17,30232.0,30336.96,29659.2,30138.0,30882.76839,14352.21893,432105955.4547703
2023-07-18,30138.01,30239.78,29512.0,29859.13,30003.8601,13771.19621,411748868.0629127
2023-07-19,29859.14,30189.09,29761.96,29909.21,25657.36137,12260.98321,367624217.9174355
2023-07-20,29909.21,30417.46,29570.96,29800.0,37540.68193,18061.33493,541742405.5204978
2023-07-21,29800.0,30061.7,29726.34,29901.72,23881.40865,11566.3884,345404092.6459083
2023-07-22,29901.72,29999.0,29625.1,29794.0,14660.40467,6725.50525,200848375.4485695
2023-07-23,29793.99,30350.0,29730.0,30083.75,18292.78637,8889.35695,266761143.4116981
2023-07-24,30083.75,30099.58,28861.9,29176.5,39628.99691,18047.66786,529388757.4915814
2023-07-25,29176.5,29376.0,29047.65,29228.91,21565.7478,10257.29455,299466722.1976085
2023-07-26,29228.91,29690.0,29096.94,29351.96,33931.63366,15987.94266,469155943.83416
2023-07-27,29351.95,29567.49,29083.85,29222.78,22476.47626,10384.95749,304728875.7312362
2023-07-28,29222.78,29542.22,29123.12,29314.14,23993.61627,11422.36141,334588917.0883291
2023-07-29,29314.14,29406.92,29256.18,29352.9,10851.36844,5443.09222,159659088.1646764
2023-07-30,29352.9,29449.0,29033.24,29281.09,15706.97441,7720.41654,226012721.3705351
2023-07-31,29281.09,29530.0,29101.8,29232.25,22605.48964,11029.2258,323482162.2920864
2023-08-01,29232.26,29739.25,28585.7,29705.99,44719.65162,21831.75056,634595648.9435309
2023-08-02,29705.99,30047.5,28927.5,29186.01,48181.65141,22953.8144,676256840.2750593
2023-08-03,29186.0,29433.33,28968.0,29193.64,26476.91994,12901.09228,376856740.4883937
2023-08-04,29193.65,29333.08,28807.54,29113.99,23551.95217,10539.62903,307284659.321428
2023-08-05,29114.0,29152.23,28978.64,29072.13,11645.52018,5491.4962,159611625.1658778
2023-08-06,29072.13,29205.09,28991.88,29088.42,13178.1972,6471.24487,188192943.696217
2023-08-07,29088.43,29276.78,28701.03,29211.06,30966.87746,15375.49318,446702609.5645752
2023-08-08,29211.06,30244.0,29146.45,29770.42,45700.53392,24189.62133,716161501.5730364
2023-08-09,29770.41,30160.0,29376.67,29581.99,38003.88725,18700.85778,556446376.251785
2023-08-10,29581.99,29738.0,29320.2,29455.75,23463.45373,11204.06553,330886650.2003818
2023-08-11,29455.76,29564.52,29252.45,29426.03,20637.0443,9803.94004,288451712.1002085
2023-08-12,29426.02,29481.35,29381.56,29430.17,8971.48068,4181.99127,123039182.1587899
2023-08-13,29430.18,29474.65,29272.32,29303.84,11101.70947,5257.07008,154501729.2473491
2023-08-14,29303.85,29695.32,29102.45,29430.93,31443.11532,15036.11048,442247506.1673844
2023-08-15,29430.92,29499.26,29059.6,29200.0,27503.87691,12751.63951,374046205.2590536
2023-08-16,29200.01,29259.85,28723.08,28730.51,32996.69854,14761.86053,429510396.4298237
2023-08-17,28730.51,28783.48,25166.0,26623.41,100271.54033,47495.99471,1302553963.3106227
2023-08-18,26623.41,26832.6,25619.0,26054.0,69790.65711,33522.24573,881095856.1944035
2023-08-19,26054.0,26281.0,25801.09,26100.01,26160.75343,12952.29598,337010159.8115182
2023-08-20,26100.01,26299.0,25971.05,26189.99,19056.91209,9909.1293,258890029.0825063
2023-08-21,26190.0,26258.42,25812.0,26126.92,30267.24233,14052.07264,365942107.3406446
2023-08-22,26126.92,26139.42,25300.0,26056.0,34247.06688,16436.92888,425661908.6149738
2023-08-23,26055.99,26819.27,25812.82,26432.72,44023.69978,21955.66524,576734438.2954001
2023-08-24,26432.71,26577.87,25864.0,26180.05,30205.22116,13987.93493,367233375.4168434
2023-08-25,26180.05,26314.05,25777.15,26060.01,27753.33772,13258.65894,345214226.918254
2023-08-26,26060.0,26125.77,25985.92,26017.37,10022.22322,4681.90628,121952627.5976749
2023-08-27,26017.38,26182.23,25966.11,26101.77,12099.64216,6170.48664,160918200.3936097
2023-08-28,26101.78,26253.99,25864.5,26120.0,22692.62655,10912.40549,284226173.7934395
2023-08-29,26120.0,28142.85,25922.0,27716.34,74251.99488,37945.55071,1034244032.3814663
2023-08-30,27716.34,27768.57,27017.24,27299.99,35448.25848,16715.57712,456926409.729732
2023-08-31,27299.99,27587.51,25655.01,25940.78,51032.80401,24598.11397,655707233.8849008
2023-09-01,25940.77,26156.0,25333.75,25805.05,41032.15056,19960.9903,515429946.1831724
2023-09-02,25805.04,25987.5,25752.47,25869.51,16250.77698,7634.91416,197234437.0220484
2023-09-03,25869.52,26135.0,25800.0,25971.21,17474.47667,8583.16498,222581536.0268467
2023-09-04,25971.21,26108.02,25631.21,25826.02,21777.59609,10177.3686,263365883.4295556
2023-09-05,25826.03,25915.49,25562.62,25792.1,21323.39337,9926.65838,255537038.4660957
2023-09-06,25792.11,26040.0,25372.51,25759.95,27262.52386,12736.70564,327416444.7840959
2023-09-07,25759.95,26443.14,25615.38,26255.0,27687.49567,13506.19156,350741324.2920373
2023-09-08,26255.0,26445.5,25647.26,25910.5,28999.76471,14238.89945,370236844.4314076
2023-09-09,25910.5,25945.09,25796.64,25901.61,10980.62277,5212.44349,134863388.7628859
2023-09-10,25901.6,26033.66,25570.57,25841.61,18738.26914,8747.51072,225752901.0403501
2023-09-11,25841.6,25900.69,24901.0,25162.52,41682.32,19664.90243,498821645.3852222
2023-09-12,25162.53,26567.0,25131.48,25840.1,56434.38537,27720.5183,719147319.9787064
2023-09-13,25840.1,26405.22,25764.17,26222.0,31610.82753,15287.00038,399099781.6207648
2023-09-14,26222.0,26860.49,26126.77,26522.73,38333.1725,19440.45467,514863794.3783894
2023-09-15,26522.73,26888.0,26224.0,26600.0,26227.29369,12600.39115,334045930.7667212
2023-09-16,26599.99,26777.0,26445.0,26559.67,13960.93351,6508.91352,172926781.3888423
2023-09-17,26559.67,26623.25,26399.0,26527.51,12998.10277,6359.89459,168675580.016463
2023-09-18,26527.5,27409.0,26377.35,26762.51,43000.43256,21551.71605,580912488.7594309
2023-09-19,26762.5,27483.57,26667.79,27210.26,36190.52187,17851.15558,484061308.124933
2023-09-20,27210.25,27388.63,26800.0,27125.0,34207.21867,16983.43086,460402346.1707834
2023-09-21,27125.01,27159.6,26377.7,26568.08,34476.82662,16878.78202,450738363.8506985
2023-09-22,26568.08,26743.38,26468.77,26580.14,18198.2292,8484.09679,225805692.7235693
2023-09-23,26580.14,26632.81,26509.0,26575.96,9440.7026,4387.1973,116581214.130133
2023-09-24,26575.97,26738.54,26122.08,26248.38,15706.65771,7547.06342,200078452.0167577
2023-09-25,26248.39,26446.15,25990.46,26304.81,26266.2039,12654.58207,331622453.1518055
2023-09-26,26304.8,26397.46,26088.34,26221.67,18495.35066,8813.76144,231246870.5474588
2023-09-27,26221.68,26850.0,26112.06,26372.99,34771.57978,16813.75506,444221386.426141
2023-09-28,26373.0,27308.48,26342.4,27021.39,44517.83491,22463.19242,602340703.6015062
2023-09-29,27021.39,27244.89,26665.16,26906.96,28478.76219,14409.35554,388591243.2591525
2023-09-30,26906.96,27094.99,26886.31,26962.56,12804.62307,6221.24272,167818583.0599575
2023-10-01,26962.57,28065.51,26954.09,27992.57,24602.81468,12815.98694,351622961.4701274
2023-10-02,27992.58,28580.0,27281.44,27494.51,57071.14241,28423.61,797598852.4797782
2023-10-03,27494.51,27676.52,27160.5,27426.46,28928.96555,13562.03527,372402100.7967511
2023-10-04,27426.45,27839.72,27202.0,27778.57,29816.142,15077.70185,414806576.3484014
2023-10-05,27778.57,28120.39,27352.0,27410.39,30681.49619,14985.99405,415039706.5866476
2023-10-06,27410.39,28295.0,27175.94,27931.09,37983.24277,19091.24006,529241188.557369
2023-10-07,27931.1,28029.67,27842.08,27956.67,13348.83825,6392.35089,178534947.7787839
2023-10-08,27956.67,28095.14,27687.5,27917.05,19693.56921,9216.08271,257333249.5330772
2023-10-09,27917.06,27987.93,27260.0,27590.12,31534.74639,15077.43003,415887241.10445
2023-10-10,27590.12,27735.0,27298.0,27390.12,22776.84383,10851.22317,298354384.6981499
2023-10-11,27390.12,27477.39,26538.66,26875.52,37349.44706,17460.0774,470620209.7857446
2023-10-12,26875.52,26947.04,26555.0,26759.63,23428.64112,11128.85943,297794983.5412317
2023-10-13,26759.63,27130.0,26685.0,26862.0,24115.76499,11209.65389,301049285.742293
2023-10-14,26862.0,26989.58,26789.0,26852.48,10417.25576,4378.85219,117730324.8186729
2023-10-15,26852.48,27293.33,26808.25,27154.15,15274.6917,7802.69243,210833694.1344327
2023-10-16,27154.14,30000.0,27112.66,28500.78,78399.22445,40738.04173,1148700588.6793344
2023-10-17,28500.77,28613.65,28069.32,28395.91,38428.44532,18994.06799,539218488.3415859
2023-10-18,28395.91,28982.36,28142.87,28320.0,32162.47591,15590.14442,443515753.8170772
2023-10-19,28320.0,28916.89,28100.66,28713.71,35895.50179,18427.23743,525695852.5632501
2023-10-20,28713.71,30207.55,28578.29,29669.04,59422.0992,29466.75927,869634841.3281221
2023-10-21,29669.05,30379.99,29464.77,29909.8,27517.51897,13836.12444,413323530.3421796
2023-10-22,29909.8,30248.0,29640.0,29992.46,22852.54563,11161.46844,334011129.2314961
2023-10-23,29992.46,34741.91,29883.6,33069.99,93513.64246,47839.23087,1505815243.5676994
2023-10-24,33069.99,35280.0,32832.34,33922.73,115265.02418,57409.31981,1959449469.4657931
2023-10-25,33922.73,35132.85,33679.05,34496.05,54887.02529,26150.50377,900236395.3726264
2023-10-26,34496.05,34824.13,33751.0,34151.66,39744.66255,18528.43061,635547858.4928182
2023-10-27,34151.66,34245.0,33390.95,33892.02,32330.40106,14310.32429,485405697.9244014
2023-10-28,33892.01,34493.33,33860.0,34081.0,16880.13144,8313.30759,283656619.5863619
2023-10-29,34081.01,34750.11,33930.0,34525.89,20685.52176,10053.96096,345933681.7968467
2023-10-30,34525.88,34856.0,34062.84,34474.73,33657.95976,15237.56781,525162190.5371194
2023-10-31,34474.74,34720.49,34025.0,34639.77,32737.89822,15843.795,544722903.4968481
2023-11-01,34639.78,35582.0,34097.39,35421.43,53473.28165,25779.0029,895387891.4676665
2023-11-02,35421.43,35984.99,34300.0,34941.59,48015.57732,23303.3535,818365718.9549311
2023-11-03,34941.58,34946.5,34120.0,34716.78,39071.20644,19168.85669,661176167.7749346
2023-11-04,34716.78,35255.0,34585.18,35062.07,18377.55545,9229.16649,321479754.9172934
2023-11-05,35062.06,35380.0,34448.0,35011.88,24528.73376,11870.33193,415912075.9000027
2023-11-06,35011.89,35276.33,34725.9,35046.09,22346.47086,10770.27727,377126281.1530906
2023-11-07,35046.09,35888.0,34523.06,35399.12,38688.73692,19375.26868,680382009.6599416
2023-11-08,35399.13,36106.0,35100.0,35624.72,33401.34137,17192.8245,610314635.3798897
2023-11-09,35624.72,37972.24,35534.05,36701.09,82537.88885,42156.81236,1550254981.0451877
2023-11-10,36701.1,37526.0,36324.71,37301.63,43414.04898,21388.56879,790671818.768367
2023-11-11,37301.63,37408.26,36666.93,37130.0,22984.97235,10728.65792,397673179.6679197
2023-11-12,37129.99,37222.22,36731.1,37064.13,17687.18874,8506.46051,315285367.544748
2023-11-13,37064.13,37417.99,36333.0,36462.93,32798.18252,15442.44512,568916594.9113173
2023-11-14,36462.93,36744.0,34800.0,35551.19,45503.68416,21205.18615,763841642.880878
2023-11-15,35551.2,37980.0,35360.0,37858.2,53569.13385,28142.1424,1031669501.9934208
2023-11-16,37858.2,37929.54,35500.0,36163.51,47490.39566,22214.04928,815932555.1331269
2023-11-17,36163.51,36800.0,35861.1,36613.92,38283.61112,18403.36411,668865883.1417465
2023-11-18,36613.91,36845.49,36178.58,36568.1,17102.24186,8101.54756,295795105.4300323
2023-11-19,36568.11,37500.0,36384.02,37359.86,21246.34648,10575.25293,389089868.806342
2023-11-20,37359.85,37750.0,36677.0,37448.78,36022.70291,17591.22652,656245983.7397183
2023-11-21,37448.79,37649.44,35735.0,35741.65,47646.54804,22371.42068,824920009.55786
2023-11-22,35741.65,37861.1,35632.01,37408.34,45051.30697,23046.71174,847145468.3259536
2023-11-23,37408.35,37653.44,36870.0,37294.28,23827.92882,11086.35132,413539343.9448205
2023-11-24,37294.27,38414.0,37251.51,37713.57,44680.80646,22349.17236,844803081.6321824
2023-11-25,37713.57,37888.0,37591.1,37780.67,11396.14464,5153.91116,194536221.2850941
2023-11-26,37780.67,37814.63,37150.0,37447.43,21264.53723,10204.51641,382571274.0460782
2023-11-27,37447.42,37569.23,36707.0,37242.7,30001.07376,14458.63822,536129095.5668442
2023-11-28,37242.7,38377.0,36868.41,37818.87,37544.46667,18168.56198,684514270.9388717
2023-11-29,37818.88,38450.0,37570.0,37854.64,32994.19107,15588.96473,591917955.4743968
2023-11-30,37854.65,38145.85,37500.0,37723.96,24740.29147,11484.45424,433772722.5045634
2023-12-01,37723.97,38999.0,37615.86,38682.52,43415.66324,22408.27301,861977420.1631953
2023-12-02,38682.51,39717.14,38641.61,39450.35,26696.92161,13166.65386,514763687.5746009
2023-12-03,39450.35,40250.0,39274.86,39972.26,26710.65335,13333.29632,529259227.1675092
2023-12-04,39972.26,42420.0,39972.26,41991.1,79272.33059,38595.61905,1599710862.0871768
2023-12-05,41991.1,44488.0,41414.0,44073.32,67490.74644,34815.80813,1491813847.2389681
2023-12-06,44073.82,44297.21,43335.28,43762.69,51431.10492,25092.62492,1101273363.0864296
2023-12-07,43762.69,44047.33,42821.1,43273.14,47103.26845,22635.67672,983629776.4938614
2023-12-08,43273.15,44700.0,43081.1,44170.99,42900.37556,20818.67861,910357262.894073
2023-12-09,44171.0,44358.02,43584.51,43713.6,24925.97008,11598.00774,510255993.8680859
2023-12-10,43713.59,44049.0,43563.0,43789.51,18956.61758,8841.90643,387376075.3824843
2023-12-11,43789.5,43804.5,40222.0,41253.4,76663.89804,36499.24269,1525642878.1521034
2023-12-12,41253.41,42104.12,40680.0,41492.39,42722.69773,21394.91158,888438328.8915346
2023-12-13,41492.38,43475.2,40555.0,42869.03,45865.99773,22354.97386,935785466.0225857
2023-12-14,42869.03,43420.0,41400.0,43022.26,42047.05709,20579.79343,880356342.3815118
2023-12-15,43022.26,43080.81,41666.0,41940.3,33421.7932,16321.13654,691713304.7485888
2023-12-16,41940.29,42724.43,41605.0,42278.03,24118.85747,12193.50511,515909440.9100929
2023-12-17,42278.02,42424.07,41252.0,41374.65,27722.11452,13245.86404,555309260.127941
2023-12-18,41374.64,42757.81,40542.93,42657.8,46734.0925,23255.79871,963775419.5731498
2023-12-19,42657.8,43497.0,41811.1,42275.99,40927.86444,20163.65946,861082883.3110158
2023-12-20,42275.99,44283.0,42206.0,43668.93,48710.2947,23912.13682,1038694005.7761399
2023-12-21,43668.92,44242.35,43286.72,43861.8,34624.29384,17058.89545,746266380.7692404
2023-12-22,43861.79,44398.26,43412.54,43969.04,32783.19638,16049.22275,703199211.0393196
2023-12-23,43969.04,43988.68,43291.1,43702.16,16557.1293,7765.30564,339046509.1677196
2023-12-24,43702.15,43946.0,42500.0,42991.5,25144.33496,11841.26614,514962029.1783347
2023-12-25,42991.5,43802.32,42720.43,43576.13,27021.23992,13691.2393,593900885.8031462
2023-12-26,43576.12,43592.68,41637.6,42508.93,41010.04282,21096.16634,898267435.237983
2023-12-27,42508.93,43677.0,42098.69,43428.85,36191.21136,18982.83267,815239612.617364
2023-12-28,43428.86,43787.57,42241.79,42563.76,35150.52485,17422.8191,747631903.055399
2023-12-29,42563.76,43111.0,41300.0,42066.95,42597.18912,21195.34128,897324724.7968955
2023-12-30,42066.94,42612.32,41520.3,42140.28,22906.57818,11727.69648,494133887.9071811
2023-12-31,42140.29,42899.0,41965.84,42283.58,23585.91603,11997.14865,509478742.7445108
2024-01-01,42283.58,44184.1,42180.77,44179.55,27174.29903,14331.7318,617352094.5605195
2024-01-02,44179.55,45879.63,44148.34,44946.91,65146.40661,33817.14447,1527964124.2375848
2024-01-03,44946.91,45500.0,40750.0,42845.23,81194.55173,39103.99162,1687665202.9513144
2024-01-04,42845.23,44729.58,42613.77,44151.1,48038.06334,23605.90059,1030075267.839013
2024-01-05,44151.1,44357.46,42450.0,44145.11,48075.25327,24015.06426,1049655019.1400094
2024-01-06,44145.12,44214.42,43397.05,43968.32,17835.06144,9048.57073,396341787.3638776
2024-01-07,43968.32,44480.59,43572.09,43929.02,23023.8508,11613.52347,511871007.5258263
2024-01-08,43929.01,47248.99,43175.0,46951.04,72814.57589,38728.8053,1755312207.6681833
2024-01-09,46951.04,47972.0,44748.67,46110.0,69927.66617,34825.45429,1620151226.3362696
2024-01-10,46110.0,47695.93,44300.36,46653.99,89911.41203,46910.79439,2153126701.3521643
2024-01-11,46654.0,48969.48,45606.06,46339.16,87470.3296,44076.1683,2070467939.6599925
2024-01-12,46339.16,46515.53,41500.0,42782.73,86327.93707,41707.58066,1850840878.9778297
2024-01-13,42782.74,43257.0,42436.12,42847.99,36118.47464,17748.09824,760432218.2454551
2024-01-14,42847.99,43079.0,41720.0,41732.35,28228.40894,13690.30843,583261659.738576
2024-01-15,41732.35,43400.43,41718.05,42511.1,40269.89303,19924.7603,849997411.087583
2024-01-16,42511.1,43578.01,42050.0,43137.95,45045.74589,24064.55667,1031525441.9352086
2024-01-17,43137.94,43198.0,42200.69,42776.1,33266.21388,16648.20529,710532768.0475779
2024-01-18,42776.09,42930.0,40683.28,41327.5,43907.51641,21085.14336,883292634.2063637
2024-01-19,41327.51,42196.86,40280.0,41659.03,48342.74559,24347.5002,1004478721.3792055
2024-01-20,41659.03,41872.56,41456.3,41696.04,15923.99493,7557.36632,314535141.9955636
2024-01-21,41696.05,41881.39,41500.98,41580.33,11730.16301,5576.56045,232552207.1607329
2024-01-22,41580.32,41689.65,39431.58,39568.02,55426.19911,26788.13985,1086650848.0670526
2024-01-23,39568.02,40176.74,38555.0,39897.6,57956.63351,30913.97177,1214417243.6964118
2024-01-24,39897.59,40555.0,39484.19,40084.88,39293.82861,20673.05725,825887009.4744226
2024-01-25,40084.89,40300.24,39550.0,39961.09,31022.11853,15685.24919,626369240.3733964
2024-01-26,39961.09,42246.82,39822.52,41823.51,47384.96726,24674.75551,1016105199.7171212
2024-01-27,41823.51,42200.0,41394.34,42120.63,16224.41667,7485.64978,312938659.2480243
2024-01-28,42120.63,42842.68,41620.81,42031.06,27294.99838,12971.1882,548670338.639401
2024-01-29,42031.05,43333.0,41804.88,43302.7,31542.74207,15996.88627,681504721.3585126
2024-01-30,43302.71,43882.36,42683.99,42941.1,37619.24546,19317.29993,838876408.4556684
2024-01-31,42941.1,43745.11,42276.84,42580.0,39871.13688,20289.94825,871009715.1702207
2024-02-01,42580.0,43285.13,41884.28,43082.94,35231.04664,18134.84304,770635549.4842128
2024-02-02,43082.95,43488.0,42546.79,43200.0,29672.14418,15645.5711,673834785.747791
2024-02-03,43199.99,43380.01,42880.0,43011.09,12033.40998,5691.78572,245377398.5105957
2024-02-04,43011.1,43119.04,42222.0,42582.88,17066.89404,8427.12671,360928641.0597722
2024-02-05,42582.88,43569.76,42258.1,42708.7,29467.75905,14984.06962,642077579.5827268
2024-02-06,42708.7,43399.98,42574.0,43098.95,24675.85433,12810.98205,550866463.7409194
2024-02-07,43098.96,44396.5,42788.0,44349.6,34392.59915,17755.87738,772721372.4443885
2024-02-08,44349.6,45614.3,44331.1,45288.65,45439.62231,22731.52397,1021963499.800335
2024-02-09,45288.66,48200.0,45242.12,47132.77,73503.481,37360.96419,1754880225.38021
2024-02-10,47132.78,48170.0,46800.0,47751.09,24802.35936,12740.69912,604397015.51796
2024-02-11,47751.08,48592.66,47557.16,48299.99,29958.80837,15741.38294,758411879.955689
2024-02-12,48300.0,50334.82,47710.01,49917.27,59009.96705,30797.43359,1512688561.6888654
2024-02-13,49917.28,50368.61,48300.95,49699.59,55551.56706,28409.79337,1403783512.6809905
2024-02-14,49699.6,52043.71,49225.01,51795.17,57046.37401,29664.5183,1518339681.334602
2024-02-15,51795.17,52816.62,51314.0,51880.0,53816.03055,26722.58656,1391971339.715806
2024-02-16,51880.01,52572.08,51566.0,52124.11,37772.25318,18309.89888,952708587.7324988
2024-02-17,52124.1,52162.82,50625.0,51642.64,25674.00622,12655.51593,650426057.1976154
2024-02-18,51642.64,52377.0,51163.28,52137.67,21992.10363,11281.34692,584447328.1142722
2024-02-19,52137.68,52488.77,51677.0,51774.73,29534.99432,15266.36204,795825023.6442236
2024-02-20,51774.74,52985.0,50760.37,52258.82,49614.47318,24994.25062,1297330385.0050933
2024-02-21,52258.82,52366.8,50625.0,51849.39,43079.40049,22239.73293,1140905416.956252
2024-02-22,51849.38,52065.78,50940.78,51288.42,35309.44574,17830.4673,919599483.9078617
2024-02-23,51288.42,51548.54,50521.0,50744.15,30545.79544,14610.80906,745820955.2560463
2024-02-24,50744.15,51698.0,50585.0,51568.22,16560.4211,8462.15627,433239599.4239887
2024-02-25,51568.21,51958.55,51279.8,51728.85,18721.63159,9544.17672,492952522.6816389
2024-02-26,51728.85,54910.0,50901.44,54476.47,51256.72199,27198.83551,1438371804.1101012
2024-02-27,54476.48,57588.15,54450.13,57037.34,67194.98562,34970.25885,1975472154.5115738
2024-02-28,57037.35,64000.0,56691.85,62432.1,118763.46984,62066.63936,3742433894.9450765
2024-02-29,62432.11,63676.35,60364.7,61130.98,78425.07603,39463.06931,2452515504.8686514
2024-03-01,61130.99,63114.23,60777.0,62387.9,47737.93473,24195.70252,1498771144.099956
2024-03-02,62387.9,62433.19,61561.12,61987.28,25534.73659,12691.37721,786583052.0862726
2024-03-03,61987.28,63231.88,61320.0,63113.97,28994.90903,14905.186,927868983.7308431
2024-03-04,63113.97,68499.0,62300.0,68245.71,84835.16005,45319.0864,2974396037.6857204
2024-03-05,68245.71,69000.0,59005.0,63724.01,132696.7813,65991.84526,4318205559.64365
2024-03-06,63724.01,67641.1,62779.14,66074.04,78738.85491,40344.32596,2663883160.206962
2024-03-07,66074.04,67980.0,65551.0,66823.17,53059.8869,27935.66302,1867854683.98203
2024-03-08,66823.18,69990.0,66082.66,68124.19,74261.932842,37711.514581,2563347797.5286803
2024-03-09,68124.2,68541.1,67861.1,68313.27,19872.89743,10005.592,682720256.0028228
2024-03-10,68313.28,69887.61,68094.75,68955.88,38404.66835,19188.79904,1328747995.9940255
2024-03-11,68955.88,72800.0,67024.96,72078.1,75292.825726,39435.855459,2803359303.286973
2024-03-12,72078.1,73000.0,68620.82,71452.01,68783.546691,34517.212933,2465202174.407226
2024-03-13,71452.0,73650.25,71333.31,73072.41,52659.711647,26787.082237,1948382241.8894603
2024-03-14,73072.4,73777.0,68555.0,71388.94,71757.628746,35676.748326,2552190396.8890066
2024-03-15,71388.94,72419.71,65600.0,69499.85,103334.03546,49844.66515,3409385750.021177
2024-03-16,69499.84,70043.0,64780.0,65300.63,55926.95336,27240.19894,1846731512.2736232
2024-03-17,65300.64,68904.4,64533.0,68393.48,49742.21589,25328.29435,1692079618.2113106
2024-03-18,68393.47,68956.0,66565.2,67609.99,55691.08088,28529.67219,1930726566.249246
2024-03-19,67610.0,68124.11,61555.0,61937.4,101005.32487,48205.28434,3095258881.7022734
2024-03-20,61937.41,68100.0,60775.0,67840.51,90420.58592,45523.84281,2907222064.1312914
2024-03-21,67840.51,68240.47,64529.01,65501.27,53357.48002,26650.09786,1774833851.2215245
2024-03-22,65501.28,66649.62,62260.0,63796.64,51482.37821,24578.87957,1580940164.1212375
2024-03-23,63796.64,65999.0,63000.0,63990.01,26410.11409,12749.00823,823892846.714977
2024-03-24,63990.02,67628.69,63772.29,67209.99,31395.78015,16689.65617,1095820626.0291996
2024-03-25,67210.0,71150.0,66385.06,69880.01,53431.14486,27815.58769,1915614174.2397635
2024-03-26,69880.0,71561.1,69280.0,69988.0,38934.38417,19498.85666,1371708206.538872
2024-03-27,69987.99,71769.54,68359.18,69469.99,49119.35685,24902.3347,1737325915.8344178
2024-03-28,69469.99,71552.06,68903.62,70780.6,35439.03239,18007.26883,1270852446.707745
2024-03-29,70780.6,70916.16,69009.0,69850.54,25445.08353,11839.0929,828039936.6854533
2024-03-30,69850.53,70321.1,69540.0,69582.18,13644.61142,6423.89367,449436189.733619
2024-03-31,69582.17,71366.0,69562.99,71280.01,19396.34433,10142.47988,715151368.946302
2024-04-01,71280.0,71288.23,68062.86,69649.8,41445.32039,20211.15024,1402849944.782289
2024-04-02,69649.81,69674.23,64550.0,65463.99,71799.82793,35520.17401,2348263612.3034706
2024-04-03,65463.99,66903.63,64493.07,65963.28,39887.21778,20618.58747,1360363531.1659517
2024-04-04,65963.27,69309.91,65064.52,68487.79,41510.48453,21013.32173,1415699952.0381584
2024-04-05,68487.8,68756.67,65952.56,67820.62,37915.23073,18889.98453,1273220222.7625887
2024-04-06,67820.63,69692.0,67447.83,68896.0,20134.28919,9973.86412,680800856.2096505
2024-04-07,68896.0,70326.29,68824.0,69360.39,21534.74433,11149.90398,774906774.5282812
2024-04-08,69360.38,72797.99,69043.24,71620.0,45723.87624,25309.90487,1811209901.716354
2024-04-09,71620.0,71758.19,68210.0,69146.0,39293.90242,18896.53756,1321865585.2380521
2024-04-10,69146.0,71172.08,67518.0,70631.08,42006.02377,20269.34809,1401023003.7318227
2024-04-11,70631.08,71305.89,69567.21,70006.23,31917.25595,15908.49124,1120249990.7357526
2024-04-12,70006.22,71227.46,65086.86,67116.52,56072.86229,25935.86464,1777808491.1704543
2024-04-13,67116.52,67929.0,60660.57,63924.51,71395.22019,33221.6695,2144846149.680918
2024-04-14,63924.52,65840.0,62134.0,65661.84,61599.17818,29732.29634,1904847012.5093086
2024-04-15,65661.85,66867.07,62274.4,63419.99,52389.53069,25206.68008,1634572976.9398127
2024-04-16,63419.99,64365.0,61600.0,63793.39,53435.29331,26041.2664,1635683129.3076532
2024-04-17,63793.4,64499.0,59678.16,61277.37,50610.54509,24346.74671,1506361259.7013583
2024-04-18,61277.38,64117.09,60803.35,63470.08,43601.60918,20870.20705,1305027167.9395082
2024-04-19,63470.09,65450.0,59600.01,63818.01,69774.30271,34941.50216,2214809735.2402415
2024-04-20,63818.01,65419.0,63090.07,64940.59,23137.42975,11811.8444,759077474.2972904
2024-04-21,64940.58,65695.56,64237.5,64941.15,19316.42152,9734.71767,632257865.0082499
2024-04-22,64941.15,67232.35,64500.0,66819.32,31397.99371,16466.05497,1086399264.6092272
2024-04-23,66819.32,67183.01,65765.81,66414.0,22599.90004,10854.17402,721404825.847041
2024-04-24,66414.0,67070.43,63606.06,64289.59,33595.69637,16899.50969,1104368114.1058698
2024-04-25,64289.58,65297.94,62794.0,64498.34,31341.46338,14808.62959,948738136.268438
2024-04-26,64498.33,64820.01,63297.48,63770.01,27085.19346,13570.23647,870093757.518899
2024-04-27,63770.0,63923.41,62391.24,63461.98,20933.06052,9903.95325,624733409.2112879
2024-04-28,63461.98,64370.0,62781.0,63118.62,16949.20005,7941.33811,505261267.5695052
2024-04-29,63118.62,64228.35,61765.53,63866.0,28150.22947,13986.59437,877053322.3079969
2024-04-30,63866.0,64734.0,59191.6,60672.0,54947.65535,26385.41614,1620421850.578699
2024-05-01,60672.01,60841.63,56552.82,58364.97,81166.46823,38203.57377,2213404278.590011
2024-05-02,58364.97,59625.0,56911.84,59060.61,47583.81961,23240.7537,1356148775.8867364
2024-05-03,59060.6,63333.0,58811.32,62882.01,43628.40143,22145.44334,1349687455.5957608
2024-05-04,62882.01,64540.0,62541.03,63892.04,24368.69282,12671.20599,804768764.3062501
2024-05-05,63892.03,64646.0,62822.17,64012.0,18526.75029,8954.93439,571783428.2394707
2024-05-06,64012.0,65500.0,62700.0,63165.19,34674.91949,17179.56031,1099303474.2805216
2024-05-07,63165.18,64422.41,62261.0,62312.08,25598.79472,12502.38281,793575994.2141025
2024-05-08,62312.07,63020.22,60888.0,61193.03,26121.19004,12669.58179,787749415.5480814
2024-05-09,61193.03,63429.03,60630.0,63074.01,30660.8061,15120.01471,935341755.6782354
2024-05-10,63074.0,63469.13,60187.12,60799.99,36529.34025,18066.83174,1116494638.2804892
2024-05-11,60799.99,61515.0,60487.09,60825.99,13374.56936,6223.09555,379263096.215133
2024-05-12,60825.99,61888.0,60610.0,61483.99,12753.13236,6416.91108,393132351.8883925
2024-05-13,61484.0,63450.0,60749.21,62940.08,32733.41839,16717.90863,1043060982.3574601
2024-05-14,62940.09,63118.36,61142.77,61577.49,29088.72041,13815.81443,855088066.212488
2024-05-15,61577.49,66444.16,61319.47,66206.5,43559.74719,21797.84094,1398781701.4413886
2024-05-16,66206.51,66752.01,64602.77,65235.21,31106.3671,15645.11263,1028962305.104384
2024-05-17,65235.21,67451.2,65106.38,67024.0,26292.23409,13301.09525,883129353.163343
2024-05-18,67024.0,67400.01,66600.0,66915.2,14441.25774,6911.13424,462859253.5879108
2024-05-19,66915.2,67700.0,65857.25,66274.01,18025.30409,8692.17507,581378180.3374597
2024-05-20,66274.0,71515.56,66060.31,71446.62,50816.7011,26792.52994,1839346667.540789
2024-05-21,71446.62,71979.0,69162.94,70148.34,49607.4336,24686.27911,1746693652.328722
2024-05-22,70148.34,70666.0,68842.19,69166.62,27673.18026,13124.78731,916344293.9104757
2024-05-23,69166.62,70096.12,66312.16,67969.65,40513.17374,19791.15119,1351640092.5813658
2024-05-24,67969.66,69250.0,66600.12,68549.99,28095.83664,14344.29889,973457354.6957757
2024-05-25,68549.99,69610.0,68500.0,69290.57,12130.39418,5851.95991,403954862.6694792
2024-05-26,69290.56,69562.23,68128.01,68507.67,11872.11797,5934.62083,409411078.5460924
2024-05-27,68507.67,70687.56,68250.0,69436.43,23136.92737,11709.62174,812172288.2576373
2024-05-28,69436.43,69591.81,67277.91,68398.39,32622.97042,15543.09776,1059920452.3146172
2024-05-29,68398.4,68935.68,67124.65,67652.42,23159.83149,11748.55954,797928379.3669178
2024-05-30,67652.41,69500.0,67128.0,68352.17,28478.2184,14074.36655,961595245.1787834
2024-05-31,68352.17,69044.1,66670.0,67540.01,26690.32184,13258.10182,900414200.1161768
2024-06-01,67540.01,67900.0,67428.44,67766.85,8837.66133,4235.27045,286752060.4028929
2024-06-02,67766.84,68460.0,67257.47,67765.63,15426.32529,7760.23377,526768921.1262222
2024-06-03,67765.62,70288.0,67612.48,68809.9,29633.374,15308.67275,1058024704.3533732
2024-06-04,68809.89,71063.45,68567.32,70537.84,29619.78489,14922.96734,1043071241.6284808
2024-06-05,70537.83,71758.0,70383.66,71108.0,28703.18082,14210.23392,1010053925.7910814
2024-06-06,71108.0,71700.0,70117.64,70799.06,21842.00449,10287.3911,730849194.230399
2024-06-07,70799.06,71997.02,68420.0,69355.6,35598.45045,17318.78051,1220810920.344433
2024-06-08,69355.6,69582.2,69168.02,69310.46,9773.82967,4772.23036,331182466.9003425
2024-06-09,69310.46,69857.14,69130.24,69648.14,9890.56709,4883.69296,339405376.0815447
2024-06-10,69648.15,70195.94,69172.29,69540.0,17122.66941,8412.00246,585909223.775813
2024-06-11,69540.0,69590.01,66051.0,67314.24,41436.01588,19839.8232,1337254654.9989924
2024-06-12,67314.23,69999.0,66905.0,68263.99,37175.32356,18975.89081,1302069589.6416814
2024-06-13,68263.98,68449.3,66251.78,66773.01,29079.55571,13886.14007,935614189.6986811
2024-06-14,66773.01,67370.24,65078.0,66043.99,28408.18797,13619.40861,903708200.7849749
2024-06-15,66043.99,66478.48,65857.1,66228.25,11451.80242,5495.02083,363796116.4535752
2024-06-16,66228.25,66998.7,66034.5,66676.87,9392.52223,4750.05166,315940653.9926121
2024-06-17,66676.86,67298.81,65130.0,66504.33,27386.16851,13716.89431,907703353.5304953
2024-06-18,66504.33,66588.23,64060.0,65175.32,42350.10244,20076.41361,1305946733.5892808
2024-06-19,65175.32,65727.54,64666.0,64974.37,20060.79576,10289.7818,670875724.3137285
2024-06-20,64974.37,66482.94,64559.15,64869.99,24265.29031,11828.87934,772646071.2169966
2024-06-21,64869.99,65066.66,63379.35,64143.56,25993.56442,12543.2596,803462610.6919086
2024-06-22,64143.56,64546.81,63943.82,64262.01,7308.95542,3756.29045,241583895.4543618
2024-06-23,64262.01,64521.0,63178.32,63210.01,8224.45447,3974.67964,254685735.5338773
2024-06-24,63210.01,63369.8,58402.0,60293.3,52161.35414,24495.59428,1493633137.5266542
2024-06-25,60293.3,62420.0,60257.06,61806.01,31189.24361,15360.08458,943071608.5109415
2024-06-26,61806.01,62487.81,60712.0,60864.99,22485.66463,11435.02653,702676210.4365481
2024-06-27,60864.98,62389.22,60606.63,61706.47,18344.28631,9298.265,570914131.0571834
2024-06-28,61706.46,62225.31,60063.0,60427.84,24821.19255,12661.53908,775499790.7912346
2024-06-29,60427.84,61224.0,60383.77,60986.68,11509.55904,5461.68911,332791254.6908993
2024-06-30,60986.68,63058.76,60712.21,62772.01,17326.30136,8224.44601,508208752.0856987
2024-07-01,62772.01,63861.76,62497.2,62899.99,24547.10538,12388.60654,782785773.8355592
2024-07-02,62900.0,63288.83,61806.28,62135.47,18573.11875,9453.17931,590763216.5799825
2024-07-03,62135.46,62285.94,59400.0,60208.58,32160.11127,15055.45492,910631739.6738483
2024-07-04,60208.57,60498.19,56771.0,57050.01,54568.77276,24982.98822,1450509608.6804216
2024-07-05,57050.02,57546.0,53485.93,56628.79,81348.24756,37926.65162,2104682004.5166821
2024-07-06,56628.79,58475.0,56018.0,58230.13,21651.31558,11083.50401,632724011.5474728
2024-07-07,58230.13,58449.46,55724.37,55857.81,19118.93918,9081.66872,519830378.935563
2024-07-08,55857.81,58236.73,54260.16,56714.62,48090.2049,23963.90684,1346497811.2117922
2024-07-09,56714.61,58296.0,56289.45,58050.0,27732.20788,14143.25001,812249336.7493434
2024-07-10,58050.0,59470.0,57157.79,57725.85,24951.73799,12423.53162,723209557.6496755
2024-07-11,57725.85,59650.0,57050.0,57339.89,29761.05735,15019.30135,872986677.1195273
2024-07-12,57339.89,58526.68,56542.47,57889.1,23652.4569,11488.82545,661028735.6644312
2024-07-13,57889.09,59850.0,57756.63,59204.02,15357.74519,7889.36244,462600767.8610776
2024-07-14,59204.01,61420.69,59194.01,60797.91,21178.33907,10479.46025,630300143.2598463
2024-07-15,60797.91,64900.0,60632.3,64724.14,38690.9782,19076.54212,1201411783.6666038
2024-07-16,64724.06,65388.97,62373.24,65043.99,42530.52915,21595.04799,1384337933.3310027
2024-07-17,65044.0,66128.63,63854.0,64087.99,29567.52954,14616.17013,950725865.5856608
2024-07-18,64087.99,65133.3,63238.48,63987.92,22568.7225,11288.35191,725073622.705674
2024-07-19,63987.92,67386.0,63300.67,66660.0,35634.72739,17971.06949,1176753281.038326
2024-07-20,66660.01,67598.0,66222.46,67139.96,14386.92434,6868.63454,459313955.2534891
2024-07-21,67139.97,68366.66,65777.0,68165.34,21819.11191,11412.05459,766856991.8425376
2024-07-22,68165.35,68474.55,66559.97,67532.01,21451.04303,10263.9504,693063991.1191068
2024-07-23,67532.0,67750.98,65441.08,65936.01,31406.15316,15168.84798,1008794779.0389912
2024-07-24,65936.0,67102.01,65111.0,65376.0,23082.56277,10827.75551,716084205.2016414
2024-07-25,65376.01,66175.49,63456.7,65799.95,35126.42934,16579.45258,1070150879.3639548
2024-07-26,65799.95,68200.0,65722.63,67907.99,24244.36023,12444.52129,837159298.5663502
2024-07-27,67908.0,69399.99,66650.0,67896.5,31710.21921,15838.9282,1080427116.1916444
2024-07-28,67896.49,68318.43,67066.66,68249.88,10868.69394,5403.48694,366295409.635027
2024-07-29,68249.88,70079.99,66428.0,66784.69,36467.29633,18196.23316,1248743452.5576787
2024-07-30,66784.68,67000.0,65302.67,66188.0,23132.25441,11096.82554,735708436.0236866
2024-07-31,66188.0,66849.24,64530.0,64628.0,22625.43905,10818.48504,712275323.706937
2024-08-01,64628.01,65659.78,62302.0,65354.02,35542.26854,16886.93292,1079221072.7580278
2024-08-02,65354.02,65596.14,61230.01,61498.33,38820.42937,18202.35794,1158565579.090291
2024-08-03,61498.34,62198.22,59850.0,60697.99,28034.71567,12947.95791,790701622.6375737
2024-08-04,60697.99,61117.63,57122.77,58161.0,31616.52003,14556.6247,863334319.9678984
2024-08-05,58161.0,58305.59,49000.0,54018.81,162065.59186,77363.26323,4097736999.0679235
2024-08-06,54018.82,57040.99,53950.0,56022.01,55884.77676,27934.19288,1559417942.6490836
2024-08-07,56022.0,57736.05,54558.62,55134.16,44269.37684,21897.14983,1232415104.4472857
2024-08-08,55133.76,62745.14,54730.0,61685.99,48349.52949,25676.29533,1508140014.0005167
2024-08-09,61686.0,61744.37,59535.0,60837.99,30972.48017,15023.05073,911225295.6263436
2024-08-10,60837.99,61470.58,60242.0,60923.51,9995.20621,4893.63854,297435046.0025079
2024-08-11,60923.51,61858.0,58286.73,58712.59,19189.84512,9094.74521,546165456.9550736
2024-08-12,58712.59,60711.09,57642.21,59346.64,37009.91743,18279.26596,1080368631.1427846
2024-08-13,59346.64,61578.1,58392.88,60587.15,27858.95851,13647.22341,817397824.2293857
2024-08-14,60587.16,61800.0,58433.18,58683.39,28422.76326,13263.8962,796386901.3641165
2024-08-15,58683.39,59849.38,56078.54,57541.06,37686.17622,17255.22311,1005337423.7264239
2024-08-16,57541.05,59817.76,57098.62,58874.6,27610.84344,13963.51824,816740633.5454462
2024-08-17,58874.59,59700.0,58785.05,59491.99,7721.72931,3871.6531,229477473.8098391
2024-08-18,59491.99,60284.99,58408.92,58427.35,13634.85717,6660.58254,397459480.8719823
2024-08-19,58427.35,59617.63,57787.3,59438.5,22809.31251,11350.30776,665066212.7595356
2024-08-20,59438.5,61400.0,58548.23,59013.8,31477.44548,16041.22019,964180516.1529399
2024-08-21,59013.8,61820.93,58783.47,61156.03,27983.6422,14156.90984,851829721.3994548
2024-08-22,61156.03,61400.0,59724.87,60375.84,21241.20588,10269.33376,623042041.0781735
2024-08-23,60375.83,64955.0,60342.14,64037.24,38118.07089,20372.88336,1270318490.0257754
2024-08-24,64037.24,64494.5,63531.0,64157.01,15857.15616,7643.02686,489673236.6598002
2024-08-25,64157.02,65000.0,63773.27,64220.0,12305.47977,6315.72233,405555580.8604438
2024-08-26,64219.99,64481.0,62800.0,62834.0,19470.05276,8995.67609,572188217.6295675
2024-08-27,62834.0,63212.0,58034.01,59415.0,35135.94178,15873.1536,975361314.8776591
2024-08-28,59415.0,60234.98,57860.0,59034.9,36868.54275,17135.91162,1014904733.0685129
2024-08-29,59034.9,61166.99,58713.09,59359.01,27020.90743,13152.3859,787682410.3518869
2024-08-30,59359.0,59944.07,57701.1,59123.99,28519.32195,13783.34749,812769089.2849813
2024-08-31,59123.99,59462.38,58744.0,58973.99,8798.409,4195.93079,247955494.3591592
2024-09-01,58974.0,59076.59,57201.0,57301.86,20705.15741,9651.50531,560452387.8985474
2024-09-02,57301.77,59425.69,57128.0,59132.13,22895.01461,11295.25452,657496577.6304803
2024-09-03,59132.12,59809.65,57415.0,57487.73,22828.18447,10979.79204,642252673.1132113
2024-09-04,57487.74,58519.0,55606.0,57970.9,35560.82146,16861.75483,961923197.778253
2024-09-05,57970.9,58327.07,55643.65,56180.0,27806.91413,12955.8897,734996919.3590955
2024-09-06,56180.0,57008.0,52550.0,53962.97,54447.76826,25325.18849,1390546230.881093
2024-09-07,53962.97,54850.0,53745.54,54160.86,16694.04774,8023.90683,435381439.0095956
2024-09-08,54160.86,55318.0,53629.01,54869.95,16274.14779,8031.76084,437221897.1104152
2024-09-09,54869.95,58088.0,54591.96,57042.0,32384.51737,16412.83148,917669512.2220293
2024-09-10,57042.01,58044.36,56386.4,57635.99,23626.78126,11690.37506,667774722.6993911
2024-09-11,57635.99,57981.71,55545.19,57338.0,33026.56757,15979.30786,907634258.5649891
2024-09-12,57338.0,58588.0,57324.0,58132.32,31074.40631,14783.00418,857572456.5100869
2024-09-13,58132.31,60625.0,57632.62,60498.0,29825.23333,15395.13731,909141733.9747654
2024-09-14,60497.99,60610.45,59400.0,59993.03,12137.90901,5570.22098,334303099.7432136
2024-09-15,59993.02,60395.8,58691.05,59132.0,13757.92361,6431.24697,384460724.5703967
2024-09-16,59132.0,59210.7,57493.3,58213.99,26477.5642,12859.7584,749563220.8060508
2024-09-17,58213.99,61320.0,57610.01,60313.99,33116.25878,16390.65993,981860543.2735815
2024-09-18,60313.99,61786.24,59174.8,61759.99,36087.02469,18429.59712,1110622778.7510853
2024-09-19,61759.98,63850.0,61555.0,62947.99,34332.52608,17609.62958,1104427424.5246968
2024-09-20,62948.0,64133.32,62350.0,63201.05,25466.37794,12411.32227,785440558.8125728
2024-09-21,63201.05,63559.9,62758.0,63348.96,8375.34608,3877.73743,244802615.7845593
2024-09-22,63348.97,64000.0,62357.93,63578.76,14242.19892,6923.17369,436456231.9537881
2024-09-23,63578.76,64745.88,62538.75,63339.99,24078.05287,12331.07643,784350440.7145653
2024-09-24,63339.99,64688.0,62700.0,64262.7,23185.04759,11522.89363,732118662.4171054
2024-09-25,64262.7,64817.99,62947.08,63152.01,17813.11168,8384.67983,534590429.2105493
2024-09-26,63152.01,65839.0,62670.0,65173.99,28373.30593,15041.9886,971176161.3870806
2024-09-27,65173.99,66498.0,64819.9,65769.95,22048.80487,11092.85716,729156061.3679231
2024-09-28,65769.95,66260.0,65422.23,65858.0,9127.23316,4501.22534,296026669.8337066
2024-09-29,65858.0,66076.12,65432.0,65602.01,8337.74111,4132.9378,271622295.3535291
2024-09-30,65602.01,65618.8,62856.3,63327.59,30011.08752,14451.93044,924324016.7358449
2024-10-01,63327.6,64130.63,60164.0,60805.78,43671.48108,20951.74486,1308603194.3310401
2024-10-02,60804.92,62390.31,60000.0,60649.28,31534.70118,15719.32519,961468320.5154727
2024-10-03,60649.27,61477.19,59828.11,60752.71,26221.43472,12906.51464,783073701.7331173
2024-10-04,60752.72,62484.85,60459.9,62086.0,21294.65994,10689.34488,658151113.9351828
2024-10-05,62086.0,62370.56,61689.26,62058.0,7807.46141,3690.55536,229107774.75427
2024-10-06,62058.01,62975.0,61798.97,62819.91,8906.86177,4798.29924,299426562.8303448
2024-10-07,62819.91,64478.19,62128.0,62224.0,25966.1852,12760.73415,809108823.5126126
2024-10-08,62224.01,63200.0,61860.31,62160.49,19702.22371,9614.36947,600357593.787378
2024-10-09,62160.5,62543.75,60301.0,60636.02,20011.15684,9454.70171,583725546.0309885
2024-10-10,60636.01,61321.68,58946.0,60326.39,23967.92481,10827.77272,653182369.9427671
2024-10-11,60326.4,63417.56,60087.64,62540.0,23641.35209,12099.56755,748431117.9165705
2024-10-12,62539.99,63480.0,62487.23,63206.22,10911.30116,5196.91695,327263147.4760401
2024-10-13,63206.23,63285.72,62050.0,62870.02,11909.21995,5855.04617,367046338.9194209
2024-10-14,62870.02,66500.0,62457.81,66083.99,37669.95222,19941.11906,1297062359.2474864
2024-10-15,66084.0,67950.0,64800.01,67074.14,43683.95423,21820.682,1446378130.5659852
2024-10-16,67074.14,68424.0,66750.49,67620.01,29938.25544,15212.87402,1029210667.4758284
2024-10-17,67620.0,67939.4,66666.0,67421.78,25328.22861,12153.94712,816887407.4042379
2024-10-18,67421.78,69000.0,67192.36,68428.0,28725.635,14218.1785,970440964.2668117
2024-10-19,68427.99,68693.26,68010.0,68378.0,8193.66737,4071.19627,278085065.5176925
2024-10-20,68377.99,69400.0,68100.0,69031.99,12442.47378,6772.92574,465001555.930983
2024-10-21,69032.0,69519.52,66840.67,67377.5,31374.42184,13593.60828,923860758.4208844
2024-10-22,67377.5,67836.01,66571.42,67426.0,24598.96268,12400.51857,834160889.2398736
2024-10-23,67426.01,67472.83,65260.0,66668.65,25530.2407,11888.33995,789384635.110686
2024-10-24,66668.65,68850.0,66510.0,68198.28,22589.83877,11502.58514,777936396.524746
2024-10-25,68198.27,68771.49,65596.29,66698.33,34479.71125,16031.032,1079347459.1549635
2024-10-26,66698.32,67454.55,66439.9,67092.76,11842.9077,6069.18986,406369780.1532944
2024-10-27,67092.76,68332.05,66913.73,68021.7,8653.19592,4417.7362,298699666.9984393
2024-10-28,68021.69,70270.0,67618.0,69962.21,29046.75459,15218.34976,1051606096.4298259
2024-10-29,69962.21,73620.12,69760.0,72736.42,50128.60594,26898.46516,1932608784.1630373
2024-10-30,72736.41,72961.0,71436.0,72344.74,26885.99056,13487.21433,973898183.7467278
2024-10-31,72344.75,72700.0,69685.76,70292.01,29352.10297,14205.13879,1012048241.8498938
2024-11-01,70292.01,71632.95,68820.14,69496.01,38301.86755,18044.1622,1261663986.7596903
2024-11-02,69496.0,69914.37,69000.14,69374.74,10521.67243,5227.50713,363370734.8158011
2024-11-03,69374.74,69391.0,67478.73,68775.99,24995.70243,12277.58177,839939073.1389577
2024-11-04,68775.99,69500.0,66835.0,67850.01,29800.39187,14927.24077,1019257547.5246849
2024-11-05,67850.01,70577.91,67476.63,69372.01,33355.06888,17059.88663,1181816730.9237833
2024-11-06,69372.01,76400.0,69298.0,75571.99,104126.994787,53243.884427,3938516657.2327332
2024-11-07,75571.99,76849.99,74416.0,75857.89,44869.422345,21805.460295,1648278335.300733
2024-11-08,75857.89,77199.99,75555.0,76509.78,36521.099583,17555.393633,1339019332.1967125
2024-11-09,76509.78,76900.0,75714.66,76677.46,16942.07915,8032.79327,614028515.3001705
2024-11-10,76677.46,81500.0,76492.0,80370.01,61830.100435,32751.012177,2597409399.234963
2024-11-11,80370.01,89530.54,80216.01,88647.99,82323.665776,42837.295314,3613896167.371912
2024-11-12,88648.0,89940.0,85072.0,87952.01,97299.887911,49589.333451,4353451682.829404
2024-11-13,87952.0,93265.64,86127.99,90375.2,86763.854127,44342.329327,3983689817.4014444
2024-11-14,90375.21,91790.0,86668.21,87325.59,56729.51086,27940.856,2499212755.773147
2024-11-15,87325.59,91850.0,87073.38,91032.07,47927.95068,24800.61087,2213154236.5096154
2024-11-16,91032.08,91779.66,90056.17,90586.92,22717.87689,11496.31366,1046686701.0029461
2024-11-17,90587.98,91449.99,88722.0,89855.99,23867.55609,11852.78227,1070094820.6738938
2024-11-18,89855.98,92594.0,89376.9,90464.08,46545.03448,23628.87098,2153158394.316311
2024-11-19,90464.07,93905.51,90357.0,92310.79,43660.04682,22127.852724,2040301638.1161728
2024-11-20,92310.8,94831.97,91500.0,94286.56,42203.198712,20425.307962,1912348704.247262
2024-11-21,94286.56,98988.0,94040.0,98317.12,69228.360477,35424.063227,3440467290.318527
2024-11-22,98317.12,99588.01,97122.11,98892.0,46189.309243,22709.668193,2240635299.646484
2024-11-23,98892.0,98908.85,97136.0,97672.4,24757.84367,11176.2487,1097538914.9412584
2024-11-24,97672.4,98564.0,95734.77,97900.04,31200.97838,15124.12176,1471313633.7467725
2024-11-25,97900.05,98871.8,92600.19,93010.01,50847.45096,23486.92705,2255516841.6102185
2024-11-26,93010.01,94973.37,90791.1,91965.16,57858.73138,29120.26765,2702543576.089108
2024-11-27,91965.16,97208.21,91792.14,95863.11,41153.42734,20316.58245,1922620637.3076186
2024-11-28,95863.11,96564.0,94640.0,95643.98,28814.54357,14805.69321,1412851841.0751946
2024-11-29,95643.99,98619.99,95364.99,97460.0,27701.78231,13840.21172,1344148785.2636425
2024-11-30,97460.0,97463.95,96092.01,96407.99,14503.83306,7075.91503,684284805.0234444
2024-12-01,96407.99,97836.0,95693.88,97185.18,16938.60452,8114.89569,786489040.1936378
2024-12-02,97185.17,98130.0,94395.0,95840.62,37958.66981,18821.93327,1808458555.890584
2024-12-03,95840.61,96305.52,93578.17,95849.69,35827.32283,17339.11167,1652090703.1755955
2024-12-04,95849.69,99000.0,94587.83,98587.32,43850.53728,22033.60112,2132655972.045
2024-12-05,98587.32,104088.0,90500.0,96945.63,109921.729662,56235.078356,5657171374.763455
2024-12-06,96945.63,101898.99,95981.72,99740.84,45049.5331,21999.62416,2175645718.5533605
2024-12-07,99740.84,100439.18,98844.0,99831.99,14931.9459,6776.55,675350661.2973348
2024-12-08,99831.99,101351.0,98657.7,101109.59,14612.99688,7152.80173,714745738.9188356
2024-12-09,101109.6,101215.93,94150.05,97276.47,53949.11595,25472.08477,2495722030.5370946
2024-12-10,97276.48,98270.0,94256.54,96593.0,51708.68933,24523.09586,2367164879.170773
2024-12-11,96593.0,101888.0,95658.24,101125.0,37753.78291,19112.84559,1897146318.2111704
2024-12-12,101125.0,102540.0,99311.64,100004.29,29232.08745,14175.88661,1430984456.6703606
2024-12-13,100004.29,101895.26,99205.0,101424.25,21904.03923,10669.09365,1073720887.6354558
2024-12-14,101424.24,102650.0,100609.41,101420.0,14191.70326,6790.24676,689981854.1394897
2024-12-15,101420.0,105250.0,101237.14,104463.99,22228.921775,12668.894355,1305611448.3000975
2024-12-16,104463.99,107793.07,103333.0,106058.66,41302.40274,20349.0995,2150550899.2475224
2024-12-17,106058.65,108353.0,105321.49,106133.74,29064.936466,14187.320446,1515158210.55198
2024-12-18,106133.74,106524.98,100000.0,100204.01,50307.99755,23308.37525,2407213144.2694983
2024-12-19,100204.01,102800.11,95700.0,97461.86,55147.398,26898.63715,2677636003.906506
2024-12-20,97461.86,98233.0,92232.54,97805.44,62884.1357,29463.23021,2822939306.663078
2024-12-21,97805.44,99540.61,96398.39,97291.99,23483.54143,11726.94119,1146732451.4218132
2024-12-22,97292.0,97448.08,94250.35,95186.27,19353.83036,9293.39749,892081877.7627708
2024-12-23,95186.28,96538.92,92520.0,94881.47,32810.76703,16339.58355,1544707289.744369
2024-12-24,94881.47,99487.99,93569.02,98663.58,23674.22488,11969.2539,1156798174.582326
2024-12-25,98663.58,99569.15,97632.02,99429.6,14474.1651,7006.5265,690465056.5871859
2024-12-26,99429.61,99963.7,95199.14,95791.6,21192.36727,10071.87249,973940616.1292443
2024-12-27,95791.6,97544.58,93500.01,94299.03,26501.26429,12945.51657,1235623739.0578184
2024-12-28,94299.03,95733.99,94135.66,95300.0,8385.8929,4203.59876,398416342.128167
2024-12-29,95300.0,95340.0,93009.52,93738.2,13576.00578,5651.38589,532195414.1027413
2024-12-30,93738.19,95024.5,91530.45,92792.05,27619.4225,13092.19646,1220209278.2523272
2024-12-31,92792.05,96250.0,92033.73,93576.0,19612.03389,9687.96775,911716321.605402
2025-01-01,93576.0,95151.15,92888.0,94591.79,10373.32613,5347.73648,502914035.6405907
2025-01-02,94591.78,97839.5,94392.0,96984.79,21970.48948,10915.96986,1052226710.3336717
2025-01-03,96984.79,98976.91,96100.01,98174.18,15253.82936,7468.60797,727787246.8965588
2025-01-04,98174.17,98778.43,97514.79,98220.5,8990.05651,4350.80221,426524714.1305539
2025-01-05,98220.51,98836.85,97276.79,98363.61,8095.63723,3877.90985,380355340.4686036
2025-01-06,98363.61,102480.0,97920.0,102235.6,25263.43375,12539.59534,1260943259.4662561
2025-01-07,102235.6,102724.38,96181.81,96954.61,32059.87537,14815.11453,1464336049.7055345
2025-01-08,96954.6,97268.65,92500.9,95060.61,33704.67894,15803.85091,1503791328.6993084
2025-01-09,95060.61,95382.32,91203.67,92552.49,34544.83685,15323.62663,1427812152.272761
2025-01-10,92552.49,95836.0,92206.02,94726.11,31482.86424,15617.43823,1469711545.6571271
2025-01-11,94726.1,95050.94,93831.73,94599.99,7047.9043,3412.37671,322346977.4354553
2025-01-12,94599.99,95450.1,93711.19,94545.06,8606.86622,4028.33031,380691769.9184427
2025-01-13,94545.07,95940.0,89256.69,94536.1,42619.56423,19473.88042,1797888178.849608
2025-01-14,94536.11,97371.0,94346.22,96560.86,27846.61753,14248.69616,1369464111.693496
2025-01-15,96560.85,100681.94,96500.0,100497.35,30509.99179,15494.17873,1527728226.3083327
2025-01-16,100497.35,100866.66,97335.13,99987.3,27832.85317,13513.53707,1342462621.6273284
2025-01-17,99987.3,105865.22,99950.77,104077.48,39171.85292,20673.213,2131223293.2048461
2025-01-18,104077.47,104988.88,102277.55,104556.23,24307.82998,11607.51274,1204170928.374812
2025-01-19,104556.23,106422.43,99651.6,101331.57,43397.28298,21079.51082,2193270771.0019445
2025-01-20,101331.57,109588.0,99550.0,102260.01,89529.231732,44770.529492,4704453254.515383
2025-01-21,102260.0,107240.81,100119.04,106143.82,45941.02002,23227.02741,2411854258.5127187
2025-01-22,106143.82,106394.46,103339.12,103706.66,22248.69254,10501.59306,1100173331.9876585
2025-01-23,103706.66,106850.0,101262.28,103910.34,53953.12031,27045.92646,2813824950.5718837
2025-01-24,103910.35,107120.0,102750.0,104870.5,23609.24017,11893.4605,1251601023.3484685
2025-01-25,104870.51,105286.52,104106.09,104746.85,9068.32377,4462.60438,467284996.3760966
2025-01-26,104746.86,105500.0,102520.44,102620.0,9812.51238,4642.17247,484871090.3361497
2025-01-27,102620.01,103260.0,97777.77,102082.83,50758.1341,23529.22433,2361569760.8418937
2025-01-28,102082.83,103800.0,100272.68,101335.52,22022.05765,10756.64741,1101357650.2919877
2025-01-29,101335.52,104782.68,101328.01,103733.24,23155.35802,11675.17182,1200636637.8143668
2025-01-30,103733.25,106457.44,103278.54,104722.94,19374.07472,10140.92834,1066933244.9920207
2025-01-31,104722.94,106012.0,101560.0,102429.56,21983.18193,10697.39968,1111485874.1292844
2025-02-01,102429.56,102783.71,100279.51,100635.65,12290.95747,5625.89331,572540016.1490111
2025-02-02,100635.66,101456.6,96150.0,97700.59,34619.49939,15587.16669,1536076091.3030133
2025-02-03,97700.59,102500.01,91231.0,101328.52,75164.7385,36736.56946,3537845694.481266
2025-02-04,101328.51,101732.31,96150.0,97763.13,40267.98697,19091.58154,1891457194.359833
2025-02-05,97763.14,99149.0,96155.0,96612.43,26233.30444,11032.55174,1078316288.1425588
2025-02-06,96612.44,99120.0,95676.64,96554.35,23515.20405,11261.53049,1096611639.376009
2025-02-07,96554.35,100137.99,95620.34,96506.8,31794.22065,15249.3537,1491114588.559852
2025-02-08,96506.8,96880.0,95688.0,96444.74,10147.24294,4450.52682,428452764.9047411
2025-02-09,96444.75,97323.09,94713.0,96462.75,14120.91613,6663.72875,641795598.1752762
2025-02-10,96462.75,98345.0,95256.0,97430.82,20572.87537,9607.62329,933665618.5050191
2025-02-11,97430.82,98478.42,94876.88,95778.2,18647.76379,8594.50066,832320054.8763716
2025-02-12,95778.21,98119.99,94088.23,97869.99,29151.16625,13820.70553,1328044257.0401335
2025-02-13,97870.0,98083.91,95217.36,96608.14,19921.77616,8852.16215,851823567.0939347
2025-02-14,96608.13,98826.0,96252.82,97500.48,18173.02646,9061.31682,881925349.6444213
2025-02-15,97500.47,97972.26,97223.58,97569.66,7349.37683,3579.14202,349322778.2339769
2025-02-16,97569.67,97704.47,96046.18,96118.12,8191.4249,3719.73063,360842416.6644167
2025-02-17,96118.12,97046.59,95205.0,95780.0,16492.0451,8010.41565,769979077.1361973
2025-02-18,95780.01,96753.91,93388.09,95671.74,23368.19471,11432.47367,1088319233.5219896
2025-02-19,95671.74,96899.99,95029.99,96644.37,16438.50954,7173.61807,688586919.9759259
2025-02-20,96644.37,98711.36,96415.09,98305.0,17057.39177,8356.42859,815056614.173827
2025-02-21,98305.01,99475.0,94871.95,96181.98,32249.2814,15313.58184,1493403646.8483026
2025-02-22,96181.99,96980.0,95770.49,96551.01,11268.17708,5293.28051,510722895.1675426
2025-02-23,96551.01,96650.0,95227.94,96258.0,10884.84913,4619.93267,443381984.4110255
2025-02-24,96258.0,96500.0,91349.26,91552.88,31550.10299,14438.63366,1366473567.874773
2025-02-25,91552.88,92540.69,86050.99,88680.4,78333.11111,35822.15275,3183981371.47505
2025-02-26,88680.39,89414.15,82256.01,84250.09,56893.54409,28077.1845,2417690848.8189874
2025-02-27,84250.09,87078.46,82716.49,84708.58,42505.45439,20355.71969,1732725913.2817628
2025-02-28,84708.57,85120.0,78258.52,84349.94,83648.03969,40224.85287,3274291175.8103995
2025-03-01,84349.95,86558.0,83824.78,86064.53,25785.05464,11748.10769,1000093822.5383525
2025-03-02,86064.54,95000.0,85050.6,94270.0,54889.09045,29273.81031,2652973441.154539
2025-03-03,94269.99,94416.46,85117.11,86220.61,59171.10218,27915.4365,2513464571.356911
2025-03-04,86221.16,88967.52,81500.0,87281.98,55609.10706,27584.7159,2335087296.239287
2025-03-05,87281.98,91000.0,86334.53,90606.01,38264.01163,19230.28436,1709708737.4698935
2025-03-06,90606.0,92810.64,87836.0,89931.89,34342.44902,17283.99411,1563426526.4289935
2025-03-07,89931.88,91283.02,84667.03,86801.75,57980.35713,28394.41537,2497922400.4504447
2025-03-08,86801.74,86897.25,85218.47,86222.45,12989.23054,6491.56581,559581591.3470742
2025-03-09,86222.46,86500.0,80000.0,80734.37,26115.39345,12093.87232,1006299692.7104127
2025-03-10,80734.48,84123.46,77459.91,78595.86,47633.38405,22898.57072,1846606255.3521485
2025-03-11,78595.86,83617.4,76606.0,82932.99,48770.06853,24029.1677,1935950413.2018194
2025-03-12,82932.99,84539.85,80607.65,83680.12,31933.986,15749.41702,1301890518.499408
2025-03-13,83680.12,84336.33,79939.9,81115.78,27546.27412,13013.18135,1067945431.1219469
2025-03-14,81115.78,85309.71,80818.84,83983.2,26858.52755,14082.88688,1177807467.01818
2025-03-15,83983.19,84676.28,83618.0,84338.44,11324.7332,5195.29128,437551330.253166
2025-03-16,84338.44,85117.04,81981.12,82574.53,17596.12531,8505.95317,710037465.075748
2025-03-17,82574.52,84756.83,82456.0,84010.03,17214.74358,8387.89111,700505421.7877294
2025-03-18,84010.02,84021.74,81134.66,82715.03,17610.89883,8047.23418,662808749.3427887
2025-03-19,82715.03,87000.0,82547.16,86845.94,28151.05374,13804.24847,1166238970.2811465
2025-03-20,86845.93,87453.67,83655.23,84223.39,22090.30463,10163.59262,867440339.2962607
2025-03-21,84223.38,84850.33,83175.25,84088.79,11956.97443,5466.41961,459501348.0817583
2025-03-22,84088.79,84539.17,83625.1,83840.59,5420.22114,2284.19178,192291026.7874248
2025-03-23,83840.59,86129.64,83809.75,86082.5,8461.97813,4424.81013,376007261.5213597
2025-03-24,86082.5,88765.43,85519.09,87498.16,30115.62111,14379.95578,1258638667.112904
2025-03-25,87498.16,88539.63,86310.0,87392.87,22643.25248,9440.56294,825308072.6337814
2025-03-26,87392.88,88275.0,85860.0,86909.17,18408.78485,8590.97753,749604853.2968135
2025-03-27,86909.17,87756.39,85800.0,87232.01,17098.03897,8185.05517,712324893.2889168
2025-03-28,87232.01,87515.67,83585.0,84424.38,27182.73169,11274.83736,958523321.8112731
2025-03-29,84424.38,84624.73,81644.81,82648.54,11696.39864,5621.60485,466215575.4849069
2025-03-30,82648.53,83534.64,81565.0,82389.99,9864.49508,4725.07105,391214080.1101161
2025-03-31,82390.0,83943.08,81278.52,82550.01,20569.13885,9912.88184,817875871.1107413
2025-04-01,82550.0,85579.46,82432.74,85158.34,20190.39697,10246.42648,862302772.4330863
2025-04-02,85158.35,88500.0,82320.0,82516.29,39931.457,20739.67809,1777735583.8407478
2025-04-03,82516.28,83998.02,81211.24,83213.09,27337.84135,13951.52792,1153439398.6198013
2025-04-04,83213.09,84720.0,81659.0,83889.87,32915.53976,15896.18779,1323832046.264688
2025-04-05,83889.87,84266.0,82379.95,83537.99,9360.40468,4029.64658,335654613.7277184
2025-04-06,83537.99,83817.63,77153.83,78430.0,27942.71436,12493.8449,1001459573.4944661
2025-04-07,78430.0,81243.58,74508.0,79163.24,78387.53089,39075.84274,3034375055.6843963
2025-04-08,79163.24,80867.99,76239.9,76322.42,35317.32063,15704.73031,1235370767.1153502
2025-04-09,76322.42,83588.0,74620.0,82615.22,75488.28772,39491.62958,3137004042.959261
2025-04-10,82615.22,82753.21,78464.36,79607.3,33284.80718,16339.9191,1321475356.0200849
2025-04-11,79607.3,84300.0,78969.58,83423.84,34435.43797,18019.58367,1482515278.9177043
2025-04-12,83423.83,85905.0,82792.95,85276.9,18470.74437,9526.72644,803747272.783468
2025-04-13,85276.91,86100.0,83034.23,83760.0,24680.04181,11658.67909,986303246.0931836
2025-04-14,83760.0,85799.99,83678.0,84591.58,28659.09348,15196.58929,1288815999.1406174
2025-04-15,84591.58,86496.42,83600.0,83643.99,20910.99528,10439.36072,889895753.1673651
2025-04-16,83643.99,85500.0,83111.64,84030.38,20867.24519,10456.769,878939829.4848368
2025-04-17,84030.38,85470.01,83736.26,84947.91,13728.84772,6424.41565,543726754.4187016
2025-04-18,84947.92,85132.08,84303.96,84474.69,6529.96315,2911.78856,246467088.2621466
2025-04-19,84474.7,85677.99,84364.45,85077.01,9666.58153,5416.30087,461342923.999082
2025-04-20,85077.0,85320.76,83949.52,85179.24,8091.67725,3843.48314,325482835.7378329
2025-04-21,85179.24,88465.99,85144.76,87516.23,31773.37262,17216.39877,1502705225.134135
2025-04-22,87516.22,93888.0,87076.03,93442.99,43872.74705,22777.77047,2062639579.2030854
2025-04-23,93442.99,94696.05,91935.41,93691.08,27404.16808,13128.05774,1226992558.5765462
2025-04-24,93691.07,94005.0,91660.01,93980.47,19497.06071,8565.18128,795787487.3608981
2025-04-25,93980.47,95758.04,92855.96,94638.68,27500.66648,13072.22136,1234153095.7292683
2025-04-26,94638.68,95199.0,93870.69,94628.0,9415.06875,4156.22463,392757114.4383579
2025-04-27,94628.0,95369.0,93602.58,93749.3,11162.841,5250.08719,495112239.1081697
2025-04-28,93749.29,95630.0,92800.01,95011.18,22157.53351,11626.77592,1098667305.2399979
2025-04-29,95011.18,95461.53,93742.54,94256.82,16955.3402,7112.68469,674688527.813066
2025-04-30,94256.82,95228.45,92910.0,94172.0,17661.2751,8393.2162,791272380.0312448
2025-05-01,94172.0,97424.02,94130.43,96489.91,21380.45343,10925.87308,1049157198.8587635
2025-05-02,96489.9,97895.68,96350.0,96887.14,14905.74811,7440.33531,722022817.2246199
2025-05-03,96887.13,96935.67,95753.01,95856.42,9723.34838,3929.4049,378271292.4443145
2025-05-04,95856.42,96304.48,94151.38,94277.62,11036.38342,4385.33486,418573470.8569623
2025-05-05,94277.61,95199.0,93514.1,94733.68,17251.18189,8399.64855,792299650.3395202
2025-05-06,94733.68,96920.65,93377.0,96834.02,16122.64513,7505.95734,711372483.6117135
2025-05-07,96834.02,97732.0,95784.61,97030.5,16644.83854,8316.74471,805430612.4055355
2025-05-08,97030.5,104145.76,96876.29,103261.6,34962.02847,18547.23009,1861334478.364427
2025-05-09,103261.61,104361.3,102315.14,102971.99,27617.39907,14525.20381,1497826622.326188
2025-05-10,102971.99,104984.57,102818.76,104809.53,15324.78611,8258.23478,856095289.5216646
2025-05-11,104809.53,104972.0,103345.06,104118.0,17987.12197,9071.95578,944903285.107308
2025-05-12,104118.0,105819.45,100718.37,102791.32,31272.77792,16455.99797,1707457796.5881395
2025-05-13,102791.32,104976.25,101429.7,104103.72,21253.42409,10705.97845,1106609664.707795
2025-05-14,104103.72,104356.95,102602.05,103507.82,16452.9081,8026.03333,831783471.654361
2025-05-15,103507.83,104192.7,101383.07,103763.71,17998.98604,8475.18036,871244345.564136
2025-05-16,103763.71,104550.33,103100.49,103463.9,15683.88024,7555.15801,784850382.1942747
2025-05-17,103463.9,103709.86,102612.5,103126.65,11250.89622,5335.11525,550379728.7338501
2025-05-18,103126.65,106660.0,103105.09,106454.26,21599.98726,11664.89904,1221914552.0552013
2025-05-19,106454.27,107108.62,102000.0,105573.74,30260.03524,14208.309,1480452895.0841563
2025-05-20,105573.73,107320.0,104184.72,106849.99,23705.48275,12350.46275,1307273652.3895233
2025-05-21,106850.0,110797.38,106100.01,109643.99,45531.040345,23661.649395,2555528481.098726
2025-05-22,109643.99,111980.0,109177.37,111696.21,31630.77313,16584.56293,1840083098.5827858
2025-05-23,111696.22,111800.0,106800.0,107318.3,31737.72309,14309.31652,1565622441.187517
2025-05-24,107318.3,109506.03,106875.41,107761.91,16782.53129,8786.90747,953683093.321657
2025-05-25,107761.9,109299.99,106600.64,109004.19,17710.04695,7867.16712,846688135.0097136
2025-05-26,109004.2,110422.22,108670.58,109434.79,14649.11593,7301.11288,800269021.1922797
2025-05-27,109434.78,110718.0,107516.57,108938.17,21276.65635,9969.89271,1090553624.461599
2025-05-28,108938.17,109284.7,106769.43,107781.78,15633.78829,6877.27341,743282966.7207196
2025-05-29,107781.78,108891.91,105322.86,105589.75,19834.70116,9457.49356,1015173771.5489898
2025-05-30,105589.75,106313.12,103621.0,103985.48,23706.49799,11070.98746,1164158558.6435854
2025-05-31,103985.47,104900.0,103068.55,104591.88,11289.35922,5278.95175,548980630.8493578
2025-06-01,104591.88,105866.91,103752.49,105642.93,9709.70006,4640.3507,485683466.9347843
2025-06-02,105642.93,105935.63,103659.88,105857.99,13453.98813,6494.65497,680177826.6144172
2025-06-03,105858.0,106794.67,104872.5,105376.89,13259.52634,6260.22436,662160926.8241225
2025-06-04,105376.9,106000.0,104179.0,104696.86,14034.89482,6979.9491,734803757.4185838
2025-06-05,104696.86,105909.71,100372.26,101508.68,22321.50154,10005.36019,1031668517.0427111
2025-06-06,101508.69,105333.0,101095.8,104288.44,15839.07385,7655.60679,793575821.4357932
2025-06-07,104288.43,105900.0,103871.09,105552.15,8344.93206,3970.01912,417664199.1912712
2025-06-08,105552.15,106488.14,104964.14,105734.0,8048.06305,4361.42266,461098506.088324
2025-06-09,105734.01,110530.17,105318.37,110263.02,19975.37451,10623.88217,1146790065.5135615
2025-06-10,110263.02,110400.0,108331.03,110274.39,17071.82839,8009.29581,876411274.3969488
2025-06-11,110274.39,110392.01,108064.0,108645.12,13115.91638,6030.96867,659947218.0033869
2025-06-12,108645.13,108813.55,105671.72,105671.73,17778.67218,8291.22648,890420511.4704415
2025-06-13,105671.74,106179.53,102664.31,106066.59,26180.81734,12793.70705,1337300355.9952192
2025-06-14,106066.59,106252.0,104300.0,105414.64,8798.93969,3848.55498,405001275.9262716
2025-06-15,105414.63,106128.57,104494.53,105594.01,7164.20047,3356.46912,353608577.6853774
2025-06-16,105594.02,108952.38,104980.37,106794.53,14922.6654,7442.34921,797865030.1366178
2025-06-17,106794.53,107771.34,103371.02,104551.17,17866.33025,8082.6529,852365443.211356
2025-06-18,104551.17,105550.27,103500.0,104886.78,13968.64167,6656.31474,696386846.6904296
2025-06-19,104886.79,105226.17,103929.27,104658.59,7678.60737,3583.19736,374871407.4107334
2025-06-20,104658.59,106524.65,102345.0,103297.99,16419.06283,7113.97039,743649283.0800211
2025-06-21,103297.98,103982.64,100837.9,102120.01,11154.21332,4632.93703,475270667.4226762
2025-06-22,102120.02,103399.62,98200.0,100963.87,28746.41072,13142.02965,1322387353.3166401
2025-06-23,100963.87,106074.2,99613.33,105333.93,27666.50609,13408.20163,1375654853.258466
2025-06-24,105333.94,106290.0,104622.02,106083.0,14651.69335,6848.32158,721631005.2893264
2025-06-25,106083.0,108135.3,105808.03,107340.58,16701.15551,8576.13709,919352853.806412
2025-06-26,107340.59,108272.45,106562.5,106947.06,10573.27279,4983.08998,535471528.1944927
2025-06-27,106947.06,107735.34,106356.76,107047.59,12232.44042,4862.2801,520251258.3787664
2025-06-28,107047.58,107577.75,106811.51,107296.79,3282.17352,1514.41959,162441164.0132396
2025-06-29,107296.79,108528.5,107172.52,108356.93,6831.7364,3771.10895,406653127.0920804
2025-06-30,108356.93,108789.99,106733.33,107146.5,9754.12491,4331.3813,466474537.7882122
2025-07-01,107146.51,107540.0,105250.85,105681.14,10505.62437,4648.91727,494549276.1837785
2025-07-02,105681.13,109730.0,105100.19,108849.6,17691.89592,9248.43029,1002261738.2088752
2025-07-03,108849.59,110529.18,108530.4,109584.78,13047.08225,6961.89686,763022147.911677
2025-07-04,109584.77,109767.59,107245.0,107984.24,11793.86615,4787.79822,518313226.966756
2025-07-05,107984.25,108420.56,107756.31,108198.12,3736.9757,1803.68528,194976807.3633011
2025-07-06,108198.12,109700.0,107800.01,109203.84,6447.607,3209.35902,348780644.233174
2025-07-07,109203.85,109700.0,107513.2,108179.77,9310.37911,3869.558,420103285.1435471
